idx,year,key,max_toxicity_prob,lex
0,2019,km kpn upload nude,0.8251267075538635,False
1,2016,xd 5k trash,0.8429377675056458,True
2,2023,pls stop fucking us,0.991754412651062,True
3,2023,puz1ch karaoke,0.7090135216712952,False
4,2018,ngeleg anjing,0.007925300858914852,True
5,2025,sorry i meant shitstallis),0.5283169746398926,True
6,2025,nilabas yung puck luge,0.5050941109657288,False
7,2026,we didnt know,0.8581088781356812,False
8,2024,go buy smoke and hook mid blokcing creeps,0.6074786186218262,False
9,2016,airtel also shit,0.001660320209339261,True
10,2021,no trash talk,0.5061794519424438,True
11,2023,gl tag from hell!!!,0.6938237547874451,False
12,2018,glhf pls go ez on us,0.6184360980987549,False
13,2017,nope 2 peeing,0.9081695079803467,False
14,2024,husky murdering his brother,0.8195886611938477,False
15,2024,get these europeans ouyt of here,0.8480626940727234,False
16,2025,all the bad bitches in my direction,0.9424256682395935,True
17,2024,what a zesty phraze skiter,0.8927274346351624,False
18,2026,el idiota,0.006637518294155598,True
19,2020,bro wtf,0.8040188550949097,False
20,2023,bi batsaanaagiin couch ni bolii,0.7187983393669128,False
21,2022,OMGGGGGGGG,0.570144772529602,False
22,2023,gl hfhfhfhf hf glglglglg,0.6719974875450134,False
23,2018,1 fak,0.7129159569740295,False
24,2021,GGGGG!,0.6147955060005188,False
25,2020,rm goblok,0.0011767889373004436,True
26,2024,fucked by zxcepreu,0.9927600622177124,True
27,2018,FDASGLJFDSAKHLFG SDHKPJLOAG FSADKOHJL,0.6708647608757019,False
28,2022,pisdaaaaaaaaaaaaaaaaaaaaa,0.5655882358551025,False
29,2020,happy birthday brayant fuckboy,0.9909459352493286,True
30,2020,i was in bath,0.5104550719261169,False
31,2019,jan dipause bego,0.012567202560603619,True
32,2019,kill gratis gua,0.8021401166915894,False
33,2023,he stupid?,0.0011215866543352604,True
34,2017,reestarting computer,0.7607090473175049,False
35,2018,semut kontol,0.004873932339251041,True
36,2021,takut kalaaah luruus lempeeng,0.5500322580337524,False
37,2022,r?,0.9081695079803467,False
38,2025,WOI CATA NYA MANA ANJING,0.01960037834942341,True
39,2023,i mean the majority of our pauses were because of their camera shit xd,0.004443628713488579,True
40,2024,niceplay noob,0.7495980858802795,True
41,2024,bullshit we banned ursa,0.980227530002594,False
42,2024,you guys are crazy,0.9416503310203552,False
43,2021,joget tiktok habis joget uncH,0.9385135769844055,False
44,2016,u too jugg,0.5408248901367188,False
45,2022,fuckin dog,0.9987491369247437,True
46,2016,go big or go home,0.5408248901367188,False
47,2026,all good,0.8581088781356812,False
48,2019,lama amat anjing stun siapa,0.08736556768417358,True
49,2019,kntl meksmun,0.18241864442825317,True
50,2016,some shit happens :O,0.9664594531059265,True
51,2021,cuma bisa KS,0.5662573575973511,False
52,2019,kau yg tolol,0.03817175328731537,True
53,2017,dickos shed for all your gaming needs,0.7945343852043152,True
54,2026,Wtf pota no hero,0.8292219042778015,False
55,2026,your welcome,0.5791516304016113,False
56,2023,a ya tebe pososi mask,0.5214976072311401,False
57,2026,our shitty captain sucked my cock yesterday,0.9960706233978271,True
58,2021,ni bi xu chigeli,0.5090683698654175,False
59,2019,CON TUS COSAS,0.7015380263328552,False
60,2026,oh fuck off bro,0.0009243296226486564,True
61,2022,yeah he noob,0.7506807446479797,True
62,2026,-shtraf admin invoker buyback 1$ justice 2026 shit league,0.8206881284713745,True
63,2025,bugger,0.6705382466316223,False
64,2018,kalo dikasih tau dengenrin ngentot,0.0899306908249855,True
65,2020,console users,0.9924622774124146,False
66,2025,whos chicken now,0.6067408323287964,False
67,2019,emng ank kntl,0.043593037873506546,True
68,2017,masih noob,0.09883391857147217,True
69,2021,ya podumau,0.6558631658554077,False
70,2018,sabar sateh goblok,0.0025416151620447636,True
71,2021,GL BRO i m noob,0.22710858285427094,True
72,2025,idk my zoomers spouting some shit all day,0.9871068596839905,True
73,2022,never trash talking you,0.7184405326843262,True
74,2020,fuck u crystallis dotaaaa,0.997857391834259,True
75,2022,jonel,0.840966522693634,False
76,2017,dw this shit isnt happening,0.047815799713134766,True
77,2023,at top,0.9081695079803467,False
78,2022,ramz detect memek eater,0.04373256489634514,True
79,2019,dont be mad pls,0.7179228067398071,False
80,2018,jadi gay,0.8484559655189514,True
81,2023,YA TVOUY FANAT!!!,0.7426208257675171,False
82,2025,do we have,0.9809045195579529,False
83,2016,fucken TPG,0.9944990277290344,True
84,2016,how come 20fps,0.9081695079803467,False
85,2024,AMAR THE FUCKER,0.995248019695282,True
86,2017,is blinking fucked for you guys??,0.9914997220039368,True
87,2017,"When game is going full retard, you can only go with it. If you start going against it, if you start going half retard, you're",0.9152064919471741,True
88,2022,new patch new gay,0.7497077584266663,True
89,2016,new update hotkey bind is so fucked up,0.9881298542022705,True
90,2018,only for girls my tip,0.9149502515792847,False
91,2019,just eat your own dick,0.038170840591192245,True
92,2022,u're my crash,0.8083467483520508,False
93,2017,".bot, .box",0.6231788992881775,False
94,2020,emang bangsat nih Telkomsel,0.0010817631846293807,True
95,2020,"his pc is rather trash, so its taking longer than u'd expect",0.0009501902968622744,True
96,2026,blya a on ne mog all pick sdelat',0.585566520690918,False
97,2023,cuiras con satanic,0.5049091577529907,False
98,2016,do rosh again in another hour i dare you,0.7803730964660645,False
99,2020,standin kontol,0.0021691920701414347,True
100,2023,noob please restart cam,0.2838236689567566,True
101,2018,ritsu piss,0.8139013648033142,False
102,2026,noob puck,0.6336492300033569,True
103,2022,can i pause to pee when we start ill be 1 min,0.6544989347457886,False
104,2019,HANS GOBLOK ROMBAK MODAR,0.0027714925818145275,True
105,2016,fuck yeah,0.9865282773971558,True
106,2022,gg ez obs,0.6306883692741394,False
107,2022,i'll give u the tip of my d***,0.9448867440223694,False
108,2020,duruk mmr anjing,0.01291696447879076,True
109,2016,banget,0.6212876439094543,False
110,2019,comeback ini anjing,0.0054702674970030785,True
111,2025,OCE DULU,0.5692776441574097,False
112,2020,im jealous fck,0.7285821437835693,False
113,2019,maafkan temen toxic ku,0.7450658082962036,False
114,2022,Ag.bob.NGENTOT,0.00961166713386774,True
115,2026,UNREAL,0.9941309094429016,False
116,2020,mah ta,0.9887182712554932,False
117,2016,hahaha,0.8859239220619202,False
118,2017,someone shitting,0.957288920879364,True
119,2018,stop msging me,0.5277889966964722,False
120,2021,Trash goat,0.0007784412009641528,True
121,2023,go 1x1 noob,0.8058394193649292,True
122,2022,KE TAI YU LE L,0.06725865602493286,True
123,2018,jadi laper fak,0.6326398253440857,False
124,2020,ahhaha fuck u,0.9963628649711609,True
125,2022,can u guys ask him to hurry up shitting,0.02662191540002823,True
126,2024,i got shit to do,0.002435714937746525,True
127,2023,hoyl shit,0.9718675017356873,True
128,2017,fuck rajjix,0.9956448078155518,True
129,2026,bro is playing on the fucking toster so he cant join,0.9960706233978271,True
130,2024,fuck lag,0.9963181018829346,True
131,2021,u mad babyboy?,0.7889100313186646,False
132,2017,bahaha,0.5556634068489075,False
133,2025,u dead,0.8001606464385986,False
134,2016,cok kluar 3 bash,0.003568605985492468,True
135,2016,hey are u guys from shitalaide aswell?,0.07627224922180176,True
136,2025,MEDUSAAAAAAAAAAAAAAAAAAAAAA,0.9081695079803467,False
137,2020,com essa porra,0.9887182712554932,False
138,2017,pisal,0.5440222024917603,False
139,2023,im just noob,0.6928042769432068,True
140,2026,no im noob now,0.39633890986442566,True
141,2024,sure fuckin hope so,0.9874196648597717,True
142,2017,whos the nigger invis,0.9786540865898132,True
143,2023,I only tip my bitches,0.9905933737754822,True
144,2021,tiap hari aja anjing,0.003216699929907918,True
145,2025,U kick momo,0.9603549242019653,False
146,2019,LIAT GW MAEN PUDG,0.6354941725730896,False
147,2018,stupid,0.001166917965747416,True
148,2022,u play everyday or some shit,0.979794979095459,True
149,2021,let him live,0.6220738291740417,False
150,2017,dude wat the fuck,0.9925351142883301,True
151,2025,go cachudo,0.5907273292541504,False
152,2017,i hit f9 again,0.9871507883071899,False
153,2016,hello,0.9947609305381775,False
154,2026,OR NOOB,0.0009043127647601068,True
155,2025,noob team..,0.11069326847791672,True
156,2021,fuck yall,0.9947516322135925,True
157,2016,stupid serv,0.9875654578208923,True
158,2024,GG!!!!!!!!!!!!!!!,0.5002651810646057,False
159,2021,kepin asu,0.009228851646184921,True
160,2019,RAPE SCENE HAHAHA,0.6172813773155212,False
161,2026,g apostamos ?,0.8955536484718323,False
162,2020,im a nerd.,0.753250241279602,False
163,2021,essa eh facil,0.5286432504653931,False
164,2024,toxic wtf,0.9061921238899231,False
165,2026,NO TENGO YA,0.5141268968582153,False
166,2019,and his monster cockl,0.9492201805114746,False
167,2021,descending trash splicko,0.8479044437408447,True
168,2017,this is some end shit right here,0.009704465977847576,True
169,2023,idiot 2iq bots,0.9590450525283813,True
170,2019,11-0 kotl game inc,0.9400890469551086,False
171,2021,GAAAAAAAAAArdick,0.736957848072052,False
172,2026,Gausah pura2 gatau anjing,0.06217925250530243,True
173,2023,retards?,0.8491172194480896,True
174,2018,katanya ke toilet,0.8859239220619202,False
175,2019,NECRO NOOB,0.2667233347892761,True
176,2018,That and hes a cuck,0.92831951379776,False
177,2016,its funny that u cant do shit other than comboing a trashsupport,0.9764333367347717,True
178,2024,aboslute CargnAGe in THE fuCKing tRAIgLNAE,0.9978012442588806,True
179,2025,WTF MID DIFF,0.8141342997550964,False
180,2023,i only had at hotel,0.9081695675849915,False
181,2018,asu kontol memek jembut,0.015952562913298607,True
182,2022,ggggooo,0.7830197215080261,False
183,2024,ILL FUCKING KILL MYSELF,0.9936123490333557,True
184,2019,kILL SINI GUA,0.872624397277832,False
185,2022,tino and shanks gay,0.8159842491149902,True
186,2019,kaget sumpah cuk,0.6540061235427856,True
187,2023,anagold wtf,0.6646075248718262,False
188,2025,gl anj,0.016801228746771812,True
189,2020,GE WAHyt?,0.6765172481536865,False
190,2025,ako ni biqt e over,0.5261235237121582,False
191,2021,anjing lu ki,0.0013483923394232988,True
192,2026,kulit mo pudge,0.7216445207595825,False
193,2020,gg idiots,0.9775197505950928,True
194,2025,GET UR FUCKING ENERGY DRINKS,0.9971476197242737,True
195,2026,wTF 30,0.7589166760444641,False
196,2018,ngomong apa si kontol,0.2039085179567337,True
197,2026,anjing kaget gw,0.543502151966095,True
198,2017,+25 mmr for this shit,0.9721245765686035,True
199,2016,wkeowkeowk,0.5692776441574097,False
200,2023,The fucking bagre,0.9979390501976013,True
201,2025,gg ez noobs,0.7534108757972717,True
202,2026,wtf 190cm,0.7381883263587952,False
203,2017,sniper piss,0.7617948651313782,False
204,2019,I mean freak,0.9921810626983643,False
205,2018,dari pada lo babi,0.13579468429088593,True
206,2016,emang u goblok aslinua,0.027758875861763954,True
207,2018,OKAKOWKOAKOWKOA,0.8624120950698853,False
208,2021,SHOUYT TO AMAR THE FUCKER,0.9943721294403076,True
209,2022,you are the one crybaby,0.9278889894485474,False
210,2022,womy,0.9081695079803467,False
211,2016,please dont fake gg again,0.616285502910614,False
212,2020,bkb to kill me,0.5595043897628784,False
213,2020,is retarded,0.9141175150871277,True
214,2018,kill me mid,0.7525577545166016,False
215,2017,cant gg out,0.7305183410644531,False
216,2018,pas skarat goblok,0.010127241723239422,True
217,2018,they record like kda n shit,0.9571057558059692,True
218,2017,m8 I'm right here,0.9728638529777527,False
219,2024,toxic dog,0.6712117195129395,False
220,2026,kata pangonya palalu kek kntl,0.007990775629878044,True
221,2021,TRIED TO BOARDSLIDE AND HIT MY FUCKIN NUTS ON IT,0.9957643747329712,True
222,2022,okay memek womy,0.020042233169078827,True
223,2016,sec need to pee,0.8739317059516907,False
224,2020,kobe die bg sad awak,0.9639006853103638,False
225,2025,well shit xD,0.9780747890472412,True
226,2017,show ur ass,0.9954657554626465,False
227,2021,udah kaya nama pokemon babi,0.04190472885966301,True
228,2024,ya me fui,0.7466123700141907,False
229,2023,waiting semen,0.9650648236274719,False
230,2017,GO SMOKE,0.9421883225440979,False
231,2020,sec he s lag,0.6217189431190491,False
232,2019,ngaca anjing,0.0018876178655773401,True
233,2021,keep hang,0.6632351875305176,False
234,2025,he try play mobile legend but noob only got epic,0.07532601803541183,True
235,2024,ivyl tai,0.004381278064101934,True
236,2016,wait toilet,0.5412840247154236,False
237,2024,opening mr budi beast cok,0.003630646038800478,True
238,2024,trash IHl,0.792523980140686,True
239,2025,noob cc ..,0.06187419965863228,True
240,2020,Teals so fucking low skilled it ssickening,0.9909482598304749,True
241,2024,soon,0.5692775249481201,False
